{
  "1": {
    "2": {
      "timestamp": {
        "start": 1600156647946,
        "end": 1600156736772,
        "output": "Iterations: 304 Time: 85.264433"
      },
      "pwr_avg": {
        "p1": 4.062921325812179,
        "p2": 0,
        "p3": 0,
        "p4": 0,
        "p5": 0,
        "p6": 0,
        "p7": 0
      }
    },
    "3": {
      "timestamp": {
        "start": 1600156741791,
        "end": 1600156812743,
        "output": "Iterations: 304 Time: 69.952215"
      },
      "pwr_avg": {
        "p1": 4.332394374928004,
        "p2": 0,
        "p3": 0,
        "p4": 0,
        "p5": 0,
        "p6": 0,
        "p7": 0
      }
    },
    "4": {
      "timestamp": {
        "start": 1600156817749,
        "end": 1600156885990,
        "output": "Iterations: 304 Time: 67.357683"
      },
      "pwr_avg": {
        "p1": 4.536764691857731,
        "p2": 0,
        "p3": 0,
        "p4": 0,
        "p5": 0,
        "p6": 0,
        "p7": 0
      }
    }
  },
  "2": {
    "1": {
      "timestamp": {
        "start": 1600156890993,
        "end": 1600156976618,
        "output": "Iterations: 304 Time: 83.960586"
      },
      "pwr_avg": {
        "p1": 3.4894118056577796,
        "p2": 4.059999982048484,
        "p3": 0,
        "p4": 0,
        "p5": 0,
        "p6": 0,
        "p7": 0
      }
    },
    "2": {
      "timestamp": {
        "start": 1600156981623,
        "end": 1600157031080,
        "output": "Iterations: 304 Time: 47.927991"
      },
      "pwr_avg": {
        "p1": 3.9859999990463257,
        "p2": 4.871999998092651,
        "p3": 0,
        "p4": 0,
        "p5": 0,
        "p6": 0,
        "p7": 0
      }
    },
    "3": {
      "timestamp": {
        "start": 1600157036084,
        "end": 1600157117630,
        "output": "Iterations: 304 Time: 80.332179"
      },
      "pwr_avg": {
        "p1": 4.274073989303024,
        "p2": 4.714814804218434,
        "p3": 0,
        "p4": 0,
        "p5": 0,
        "p6": 0,
        "p7": 0
      }
    },
    "4": {
      "timestamp": {
        "start": 1600157122635,
        "end": 1600157164448,
        "output": "Iterations: 304 Time: 40.225256"
      },
      "pwr_avg": {
        "p1": 4.3738095079149515,
        "p2": 4.7666666734786265,
        "p3": 0,
        "p4": 0,
        "p5": 0,
        "p6": 0,
        "p7": 0
      }
    }
  },
  "3": {
    "1": {
      "timestamp": {
        "start": 1600157169453,
        "end": 1600157231519,
        "output": "Iterations: 304 Time: 60.302947"
      },
      "pwr_avg": {
        "p1": 3.433871030807495,
        "p2": 3.7725806428540136,
        "p3": 3.6451613095498856,
        "p4": 0,
        "p5": 0,
        "p6": 0,
        "p7": 0
      }
    },
    "2": {
      "timestamp": {
        "start": 1600157236524,
        "end": 1600157295297,
        "output": "Iterations: 304 Time: 57.114936"
      },
      "pwr_avg": {
        "p1": 3.915254249411114,
        "p2": 4.203389713319681,
        "p3": 3.8593220023785606,
        "p4": 0,
        "p5": 0,
        "p6": 0,
        "p7": 0
      }
    },
    "3": {
      "timestamp": {
        "start": 1600157300301,
        "end": 1600157389958,
        "output": "Iterations: 304 Time: 87.972274"
      },
      "pwr_avg": {
        "p1": 4.231111036406623,
        "p2": 4.456666726536221,
        "p3": 4.044444404708015,
        "p4": 0,
        "p5": 0,
        "p6": 0,
        "p7": 0
      }
    },
    "4": {
      "timestamp": {
        "start": 1600157394962,
        "end": 1600157477468,
        "output": "Iterations: 304 Time: 80.554557"
      },
      "pwr_avg": {
        "p1": 4.401219513358139,
        "p2": 4.701219541270558,
        "p3": 4.140243864640957,
        "p4": 0,
        "p5": 0,
        "p6": 0,
        "p7": 0
      }
    }
  },
  "4": {
    "1": {
      "timestamp": {
        "start": 1600157482473,
        "end": 1600157536155,
        "output": "Iterations: 304 Time: 51.208857"
      },
      "pwr_avg": {
        "p1": 3.472222261958652,
        "p2": 3.7981481552124023,
        "p3": 3.34074072043101,
        "p4": 4.109259261025323,
        "p5": 0,
        "p6": 0,
        "p7": 0
      }
    },
    "2": {
      "timestamp": {
        "start": 1600157541161,
        "end": 1600157624122,
        "output": "Iterations: 304 Time: 81.699665"
      },
      "pwr_avg": {
        "p1": 3.9506024395126893,
        "p2": 4.197590253439294,
        "p3": 3.793975887528385,
        "p4": 4.3313253356749755,
        "p5": 0,
        "p6": 0,
        "p7": 0
      }
    },
    "3": {
      "timestamp": {
        "start": 1600157629128,
        "end": 1600157769358,
        "output": "Iterations: 304 Time: 137.409237"
      },
      "pwr_avg": {
        "p1": 4.212142760413034,
        "p2": 4.503571486473083,
        "p3": 4.002857150350298,
        "p4": 4.380714368820191,
        "p5": 0,
        "p6": 0,
        "p7": 0
      }
    },
    "4": {
      "timestamp": {
        "start": 1600157774362,
        "end": 1600157901048,
        "output": "Iterations: 304 Time: 124.688353"
      },
      "pwr_avg": {
        "p1": 4.333858347314549,
        "p2": 4.580314914072592,
        "p3": 3.96141726388706,
        "p4": 4.2433071211567075,
        "p5": 0,
        "p6": 0,
        "p7": 0
      }
    }
  },
  "5": {
    "1": {
      "timestamp": {
        "start": 1600157906055,
        "end": 1600157962890,
        "output": "Iterations: 304 Time: 54.728729"
      },
      "pwr_avg": {
        "p1": 3.4571428767272403,
        "p2": 3.4946428579943523,
        "p3": 3.2553571334906986,
        "p4": 3.7392857330186025,
        "p5": 3.8732143342494965,
        "p6": 0,
        "p7": 0
      }
    },
    "2": {
      "timestamp": {
        "start": 1600157967895,
        "end": 1600158070837,
        "output": "Iterations: 304 Time: 101.016567"
      },
      "pwr_avg": {
        "p1": 3.880582508531589,
        "p2": 4.110679580169974,
        "p3": 3.6699028779002068,
        "p4": 4.0834951076692745,
        "p5": 4.045631084627318,
        "p6": 0,
        "p7": 0
      }
    },
    "3": {
      "timestamp": {
        "start": 1600158075842,
        "end": 1600158194668,
        "output": "Iterations: 304 Time: 116.284662"
      },
      "pwr_avg": {
        "p1": 4.178991492055044,
        "p2": 4.353781597954886,
        "p3": 3.8176470604263435,
        "p4": 4.151260480159471,
        "p5": 4.163025122730672,
        "p6": 0,
        "p7": 0
      }
    },
    "4": {
      "timestamp": {
        "start": 1600158199674,
        "end": 1600158351607,
        "output": "Iterations: 304 Time: 148.464602"
      },
      "pwr_avg": {
        "p1": 4.3032895342299815,
        "p2": 4.582236851516523,
        "p3": 3.9592104632603493,
        "p4": 4.194736806969893,
        "p5": 4.365131662080162,
        "p6": 0,
        "p7": 0
      }
    }
  }
}