{
  "1": {
    "2": {
      "timestamp": {
        "start": 1600134834757,
        "end": 1600134880325,
        "output": " "
      },
      "pwr_avg": {
        "p1": 4.6266665193769665,
        "p2": 0,
        "p3": 0,
        "p4": 0,
        "p5": 0,
        "p6": 0,
        "p7": 0
      }
    },
    "3": {
      "timestamp": {
        "start": 1600134885335,
        "end": 1600134934198,
        "output": " "
      },
      "pwr_avg": {
        "p1": 4.959183722126241,
        "p2": 0,
        "p3": 0,
        "p4": 0,
        "p5": 0,
        "p6": 0,
        "p7": 0
      }
    },
    "4": {
      "timestamp": {
        "start": 1600134939202,
        "end": 1600135011211,
        "output": " "
      },
      "pwr_avg": {
        "p1": 4.794444382190704,
        "p2": 0,
        "p3": 0,
        "p4": 0,
        "p5": 0,
        "p6": 0,
        "p7": 0
      }
    },
    "5": {
      "timestamp": {
        "start": 1600137579534,
        "end": 1600137658111,
        "output": " "
      },
      "pwr_avg": {
        "p1": 5.126582311678536,
        "p2": 0,
        "p3": 0,
        "p4": 0,
        "p5": 0,
        "p6": 0,
        "p7": 0
      }
    },
    "6": {
      "timestamp": {
        "start": 1600137663123,
        "end": 1600137776291,
        "output": " "
      },
      "pwr_avg": {
        "p1": 4.665486656459032,
        "p2": 0,
        "p3": 0,
        "p4": 0,
        "p5": 0,
        "p6": 0,
        "p7": 0
      }
    },
    "7": {
      "timestamp": {
        "start": 1600137781301,
        "end": 1600137926853,
        "output": " "
      },
      "pwr_avg": {
        "p1": 4.502758624635894,
        "p2": 0,
        "p3": 0,
        "p4": 0,
        "p5": 0,
        "p6": 0,
        "p7": 0
      }
    },
    "8": {
      "timestamp": {
        "start": 1600137931862,
        "end": 1600138105007,
        "output": " "
      },
      "pwr_avg": {
        "p1": 4.387931112585397,
        "p2": 0,
        "p3": 0,
        "p4": 0,
        "p5": 0,
        "p6": 0,
        "p7": 0
      }
    },
    "9": {
      "timestamp": {
        "start": 1600138110014,
        "end": 1600138279440,
        "output": " "
      },
      "pwr_avg": {
        "p1": 4.303550392918333,
        "p2": 0,
        "p3": 0,
        "p4": 0,
        "p5": 0,
        "p6": 0,
        "p7": 0
      }
    },
    "10": {
      "timestamp": {
        "start": 1600138284451,
        "end": 1600138513319,
        "output": " "
      },
      "pwr_avg": {
        "p1": 4.286899637447174,
        "p2": 0,
        "p3": 0,
        "p4": 0,
        "p5": 0,
        "p6": 0,
        "p7": 0
      }
    }
  },
  "2": {
    "1": {
      "timestamp": {
        "start": 1600135016216,
        "end": 1600135064473,
        "output": " "
      },
      "pwr_avg": {
        "p1": 3.69999997317791,
        "p2": 4,
        "p3": 0,
        "p4": 0,
        "p5": 0,
        "p6": 0,
        "p7": 0
      }
    },
    "2": {
      "timestamp": {
        "start": 1600135069491,
        "end": 1600135104487,
        "output": " "
      },
      "pwr_avg": {
        "p1": 4.751428692681449,
        "p2": 5.117142868041992,
        "p3": 0,
        "p4": 0,
        "p5": 0,
        "p6": 0,
        "p7": 0
      }
    },
    "3": {
      "timestamp": {
        "start": 1600135109492,
        "end": 1600135165269,
        "output": " "
      },
      "pwr_avg": {
        "p1": 4.657142758369446,
        "p2": 4.898214301892689,
        "p3": 0,
        "p4": 0,
        "p5": 0,
        "p6": 0,
        "p7": 0
      }
    },
    "4": {
      "timestamp": {
        "start": 1600135170274,
        "end": 1600135248181,
        "output": " "
      },
      "pwr_avg": {
        "p1": 4.592307631786053,
        "p2": 4.792307706979605,
        "p3": 0,
        "p4": 0,
        "p5": 0,
        "p6": 0,
        "p7": 0
      }
    }
  },
  "3": {
    "1": {
      "timestamp": {
        "start": 1600135428223,
        "end": 1600135445666,
        "output": " "
      },
      "pwr_avg": {
        "p1": 4.958823596729951,
        "p2": 5.011764708687277,
        "p3": 4.305882369770723,
        "p4": 0,
        "p5": 0,
        "p6": 0,
        "p7": 0
      }
    },
    "2": {
      "timestamp": {
        "start": 1600135450680,
        "end": 1600135488015,
        "output": " "
      },
      "pwr_avg": {
        "p1": 4.824324324324325,
        "p2": 5.008108074600632,
        "p3": 4.491891828743187,
        "p4": 0,
        "p5": 0,
        "p6": 0,
        "p7": 0
      }
    },
    "3": {
      "timestamp": {
        "start": 1600135493021,
        "end": 1600135543059,
        "output": " "
      },
      "pwr_avg": {
        "p1": 4.82352941643958,
        "p2": 4.970588239968992,
        "p3": 4.192156899209116,
        "p4": 0,
        "p5": 0,
        "p6": 0,
        "p7": 0
      }
    },
    "4": {
      "timestamp": {
        "start": 1600135548066,
        "end": 1600135637403,
        "output": " "
      },
      "pwr_avg": {
        "p1": 4.398876316091988,
        "p2": 4.524719093622786,
        "p3": 4.296629209196969,
        "p4": 0,
        "p5": 0,
        "p6": 0,
        "p7": 0
      }
    }
  },
  "4": {
    "1": {
      "timestamp": {
        "start": 1600135642411,
        "end": 1600135666540,
        "output": " "
      },
      "pwr_avg": {
        "p1": 4.008333335320155,
        "p2": 4.44583327571551,
        "p3": 4.104166656732559,
        "p4": 4.420833349227905,
        "p5": 0,
        "p6": 0,
        "p7": 0
      }
    },
    "2": {
      "timestamp": {
        "start": 1600135671545,
        "end": 1600135718258,
        "output": " "
      },
      "pwr_avg": {
        "p1": 4.463829720273931,
        "p2": 4.5680851175429975,
        "p3": 4.1978722836108915,
        "p4": 4.557446829816128,
        "p5": 0,
        "p6": 0,
        "p7": 0
      }
    },
    "3": {
      "timestamp": {
        "start": 1600135723265,
        "end": 1600135797321,
        "output": " "
      },
      "pwr_avg": {
        "p1": 4.351351296579516,
        "p2": 4.398648597098686,
        "p3": 4.099999907854441,
        "p4": 4.340540489634952,
        "p5": 0,
        "p6": 0,
        "p7": 0
      }
    },
    "4": {
      "timestamp": {
        "start": 1600135802329,
        "end": 1600135899003,
        "output": " "
      },
      "pwr_avg": {
        "p1": 4.359374925494194,
        "p2": 4.426041632890701,
        "p3": 4.118749899168809,
        "p4": 4.271874929467837,
        "p5": 0,
        "p6": 0,
        "p7": 0
      }
    }
  },
  "5": {
    "1": {
      "timestamp": {
        "start": 1600135904007,
        "end": 1600135929475,
        "output": " "
      },
      "pwr_avg": {
        "p1": 4.192307646457966,
        "p2": 4.7384615036157465,
        "p3": 4.042307771169222,
        "p4": 3.965384630056528,
        "p5": 4.673076923076923,
        "p6": 0,
        "p7": 0
      }
    },
    "2": {
      "timestamp": {
        "start": 1600135934480,
        "end": 1600135972961,
        "output": " "
      },
      "pwr_avg": {
        "p1": 4.502631463502583,
        "p2": 4.676315828373558,
        "p3": 4.152631627885919,
        "p4": 4.610526285673442,
        "p5": 4.713157873404653,
        "p6": 0,
        "p7": 0
      }
    },
    "3": {
      "timestamp": {
        "start": 1600135977967,
        "end": 1600136051348,
        "output": " "
      },
      "pwr_avg": {
        "p1": 4.272972938176748,
        "p2": 4.429729709754119,
        "p3": 4.099999943295041,
        "p4": 4.328378377734004,
        "p5": 4.313513536710997,
        "p6": 0,
        "p7": 0
      }
    },
    "4": {
      "timestamp": {
        "start": 1600136056354,
        "end": 1600136155337,
        "output": " "
      },
      "pwr_avg": {
        "p1": 4.236363584345037,
        "p2": 4.308080779181586,
        "p3": 4.116161522239145,
        "p4": 4.243434364145452,
        "p5": 4.340404045702231,
        "p6": 0,