{
  "1": {
    "2": {
      "timestamp": {
        "start": 1600160770303,
        "end": 1600160806929,
        "output": "Iterations: 134 Time: 35.856314"
      },
      "pwr_avg": {
        "p1": 4.005405374475427,
        "p2": 0,
        "p3": 0,
        "p4": 0,
        "p5": 0,
        "p6": 0,
        "p7": 0
      }
    },
    "3": {
      "timestamp": {
        "start": 1600160811944,
        "end": 1600160841701,
        "output": "Iterations: 134 Time: 28.863742"
      },
      "pwr_avg": {
        "p1": 4.262068962228709,
        "p2": 0,
        "p3": 0,
        "p4": 0,
        "p5": 0,
        "p6": 0,
        "p7": 0
      }
    },
    "4": {
      "timestamp": {
        "start": 1600160846706,
        "end": 1600160874765,
        "output": "Iterations: 134 Time: 27.194876"
      },
      "pwr_avg": {
        "p1": 4.546428527150836,
        "p2": 0,
        "p3": 0,
        "p4": 0,
        "p5": 0,
        "p6": 0,
        "p7": 0
      }
    }
  },
  "2": {
    "1": {
      "timestamp": {
        "start": 1600160879770,
        "end": 1600160918379,
        "output": "Iterations: 134 Time: 36.997715"
      },
      "pwr_avg": {
        "p1": 3.4615385165581336,
        "p2": 4.023076919408945,
        "p3": 0,
        "p4": 0,
        "p5": 0,
        "p6": 0,
        "p7": 0
      }
    },
    "2": {
      "timestamp": {
        "start": 1600160923383,
        "end": 1600160945537,
        "output": "Iterations: 134 Time: 20.880260"
      },
      "pwr_avg": {
        "p1": 3.8772727251052856,
        "p2": 4.559090852737427,
        "p3": 0,
        "p4": 0,
        "p5": 0,
        "p6": 0,
        "p7": 0
      }
    },
    "3": {
      "timestamp": {
        "start": 1600160950541,
        "end": 1600160968738,
        "output": "Iterations: 134 Time: 16.495509"
      },
      "pwr_avg": {
        "p1": 4.088888896836175,
        "p2": 4.41666665342119,
        "p3": 0,
        "p4": 0,
        "p5": 0,
        "p6": 0,
        "p7": 0
      }
    },
    "4": {
      "timestamp": {
        "start": 1600160973742,
        "end": 1600160994483,
        "output": "Iterations: 134 Time: 19.357229"
      },
      "pwr_avg": {
        "p1": 4.24761902718317,
        "p2": 4.766666662125361,
        "p3": 0,
        "p4": 0,
        "p5": 0,
        "p6": 0,
        "p7": 0
      }
    }
  },
  "3": {
    "1": {
      "timestamp": {
        "start": 1600160999488,
        "end": 1600161028434,
        "output": "Iterations: 134 Time: 27.461845"
      },
      "pwr_avg": {
        "p1": 3.4724138440756964,
        "p2": 3.94137926759391,
        "p3": 3.631034513999676,
        "p4": 0,
        "p5": 0,
        "p6": 0,
        "p7": 0
      }
    },
    "2": {
      "timestamp": {
        "start": 1600161033438,
        "end": 1600161054941,
        "output": "Iterations: 134 Time: 20.115543"
      },
      "pwr_avg": {
        "p1": 3.9409090930765327,
        "p2": 4.395454428412697,
        "p3": 3.95454542203383,
        "p4": 0,
        "p5": 0,
        "p6": 0,
        "p7": 0
      }
    },
    "3": {
      "timestamp": {
        "start": 1600161059946,
        "end": 1600161108017,
        "output": "Iterations: 134 Time: 46.517935"
      },
      "pwr_avg": {
        "p1": 4.254166613022487,
        "p2": 4.720833241939545,
        "p3": 4.156249970197678,
        "p4": 0,
        "p5": 0,
        "p6": 0,
        "p7": 0
      }
    },
    "4": {
      "timestamp": {
        "start": 1600161113020,
        "end": 1600161154565,
        "output": "Iterations: 134 Time: 39.990115"
      },
      "pwr_avg": {
        "p1": 4.436585408885304,
        "p2": 4.785365878081903,
        "p3": 4.239024429786496,
        "p4": 0,
        "p5": 0,
        "p6": 0,
        "p7": 0
      }
    }
  },
  "4": {
    "1": {
      "timestamp": {
        "start": 1600161159570,
        "end": 1600161184815,
        "output": "Iterations: 134 Time: 23.608483"
      },
      "pwr_avg": {
        "p1": 3.428000040054321,
        "p2": 3.6440000438690188,
        "p3": 3.347999963760376,
        "p4": 4.023999977111816,
        "p5": 0,
        "p6": 0,
        "p7": 0
      }
    },
    "2": {
      "timestamp": {
        "start": 1600161189820,
        "end": 1600161227106,
        "output": "Iterations: 134 Time: 35.941039"
      },
      "pwr_avg": {
        "p1": 3.9078947870354903,
        "p2": 4.176315696615922,
        "p3": 3.7394736942492033,
        "p4": 4.328947456259477,
        "p5": 0,
        "p6": 0,
        "p7": 0
      }
    },
    "3": {
      "timestamp": {
        "start": 1600161232111,
        "end": 1600161305877,
        "output": "Iterations: 134 Time: 71.292595"
      },
      "pwr_avg": {
        "p1": 4.158904003770384,
        "p2": 4.52054794520548,
        "p3": 4.028767092587197,
        "p4": 4.487671257698373,
        "p5": 0,
        "p6": 0,
        "p7": 0
      }
    },
    "4": {
      "timestamp": {
        "start": 1600161310883,
        "end": 1600161365830,
        "output": "Iterations: 134 Time: 52.969888"
      },
      "pwr_avg": {
        "p1": 4.369090951572765,
        "p2": 4.603636368838224,
        "p3": 4.009090831063011,
        "p4": 4.32727279663086,
        "p5": 0,
        "p6": 0,
        "p7": 0
      }
    }
  },
  "5": {
    "1": {
      "timestamp": {
        "start": 1600161370835,
        "end": 1600161398814,
        "output": "Iterations: 134 Time: 25.316246"
      },
      "pwr_avg": {
        "p1": 3.410714268684387,
        "p2": 3.4964285578046526,
        "p3": 3.267857108797346,
        "p4": 3.7249999812671115,
        "p5": 3.9214285697255815,
        "p6": 0,
        "p7": 0
      }
    },
    "2": {
      "timestamp": {
        "start": 1600161403819,
        "end": 1600161455437,
        "output": "Iterations: 134 Time: 48.803228"
      },
      "pwr_avg": {
        "p1": 3.9000000174228964,
        "p2": 4.069230703207163,
        "p3": 3.6442307142110972,
        "p4": 4.080769149156717,
        "p5": 4.18653843494562,
        "p6": 0,
        "p7": 0
      }
    },
    "3": {
      "timestamp": {
        "start": 1600161460443,
        "end": 1600161512817,
        "output": "Iterations: 134 Time: 50.588798"
      },
      "pwr_avg": {
        "p1": 4.119230696788201,
        "p2": 4.540384650230408,
        "p3": 3.8923077262364902,
        "p4": 4.309615433216095,
        "p5": 4.4326923718819256,
        "p6": 0,
        "p7": 0
      }
    },
    "4": {
      "timestamp": {
        "start": 1600161517821,
        "end": 1600161588778,
        "output": "Iterations: 134 Time: 68.174581"
      },
      "pwr_avg": {
        "p1": 4.2915494072605185,
        "p2": 4.626760516368168,
        "p3": 4.087323883889427,
        "p4": 4.361971912249713,
        "p5": 4.536619633016452,
        "p6": 0,
        "p7": 0
      }
    }
  },
  "6": {
    "1": {
      "timestamp": {
        "start": 1600136160344,
        "end": 1600136187770,
        "output": " "
      },
      "pwr_avg": {
        "p1": 4.15555543369717,
        "p2": 4.1666666401757135,
        "p3": 4.088888883590698,
        "p4": 4.596296239782263,
        "p5": 4.548148172873038,
        "p6": 4.785185257593791,
        "p7": 0
      }
    },
    "2": {
      "timestamp": {
        "start": 1600136192774,
        "end": 1600136243955,
        "output": " "
      },
      "pwr_avg": {
        "p1": 4.199999977560604,
        "p2": 4.299999938291662,
        "p3": 4.033333236095952,
        "p4": 4.147058851578656,
        "p5": 4.152941166185865,
        "p6": 4.417647099962421,
        "p7": 0
      }
    },
    "3": {
      "timestamp": {
        "start": 1600136248962,
        "end": 1600136318238,
        "output": " "
      },
      "pwr_avg": {
        "p1": 4.294202828752821,
        "p2": 4.4376811221026,
        "p3": 3.976811512656834,
        "p4": 4.347826149152673,
        "p5": 4.286956465762595,
        "p6": 4.543478209039439,
        "p7": 0
      }
    },