{
  "table_name": {
    "node": {
      "threads": {
        "timestamp": {
          "start": 1597202902173,
          "end": 1597202912173
        },
        "pwr_avg": {
          "p1": "",
          "p2": "",
          "p3": "",
          "p4": "",
          "p5": "",
          "p6": ""
        }
      }
    }
  },
  "opencv2": {
    "1": {
      "2": {
        "timestamp": {
          "start": 1599352027510,
          "end": 1599352050704
        },
        "output": " Total time taken 0.15491541599476477 sec\n",
        "pwr_avg": {
          "p1": 4.800000045610511,
          "p2": 2.9956521158633023,
          "p3": 2.9217391428740127,
          "p4": 3.0391304285629936,
          "p5": 2.973913037258646,
          "p6": 2.982608650041663,
          "p7": 3.0782608571259873
        }
      },
      "3": {
        "timestamp": {
          "start": 1599352055714,
          "end": 1599352081822
        },
        "output": " Total time taken 0.13218364599742927 sec\n",
        "pwr_avg": {
          "p1": 4.642307629952064,
          "p2": 3.226923007231492,
          "p3": 3.1499999944980326,
          "p4": 2.9769230714211097,
          "p5": 2.9653846208865824,
          "p6": 3.1115384101867676,
          "p7": 2.8846153846153846
        }
      },
      "4": {
        "timestamp": {
          "start": 1599352086826,
          "end": 1599352118761
        },
        "output": " Total time taken 0.16385552100109635 sec\n",
        "pwr_avg": {
          "p1": 4.903125002980232,
          "p2": 3.1749999448657036,
          "p3": 2.915625013411045,
          "p4": 2.9812499955296516,
          "p5": 3.1031249910593033,
          "p6": 3.031249947845936,
          "p7": 2.9812500178813934
        }
      }
    },
    "2": {
      "1": {
        "timestamp": {
          "start": 1599352123765,
          "end": 1599352208870
        },
        "output": " Total time taken 1.565170833004231 sec\n",
        "pwr_avg": {
          "p1": 3.387058776967666,
          "p2": 3.4517647126141715,
          "p3": 3.021176478442024,
          "p4": 3.045882356868071,
          "p5": 2.971764715980081,
          "p6": 3.102352902468513,
          "p7": 3.017647075653076
        }
      },
      "2": {
        "timestamp": {
          "start": 1599352213875,
          "end": 1599352239291
        },
        "output": " Total time taken 0.9279498440009775 sec\n",
        "pwr_avg": {
          "p1": 4.330769272950979,
          "p2": 4.588461545797495,
          "p3": 3.0346153791134176,
          "p4": 3.0692307582268348,
          "p5": 2.8961538626597476,
          "p6": 3.0884614816078773,
          "p7": 3.0923076959756703
        }
      },
      "3": {
        "timestamp": {
          "start": 1599352244295,
          "end": 1599352272184
        },
        "output": " Total time taken 1.022120885005279 sec\n",
        "pwr_avg": {
          "p1": 4.635714190346854,
          "p2": 5.499999940395355,
          "p3": 3.0321428775787354,
          "p4": 3.032142843518938,
          "p5": 3.021428576537541,
          "p6": 3.0928570883614674,
          "p7": 3.032142852033888
        }
      },
      "4": {
        "timestamp": {
          "start": 1599352277188,
          "end": 1599352309582
        },
        "output": " Total time taken 1.2807688020038768 sec\n",
        "pwr_avg": {
          "p1": 5.0437499433755875,
          "p2": 5.437500096857548,
          "p3": 2.9468750059604645,
          "p4": 2.9812499955296516,
          "p5": 2.925000011920929,
          "p6": 3.1093749403953552,
          "p7": 2.9437500089406967
        }
      }
    },
    "3": {
      "1": {
        "timestamp": {
          "start": 1599352314586,
          "end": 1599352405832
        },
        "output": " Total time taken 1.7515758330046083 sec\n",
        "pwr_avg": {
          "p1": 3.2494505237747027,
          "p2": 3.454945037653158,
          "p3": 3.303296689148788,
          "p4": 3.072527458379557,
          "p5": 3.0692307556068505,
          "p6": 3.0428571229452617,
          "p7": 3.069230773946741
        }
      },
      "2": {
        "timestamp": {
          "start": 1599352410835,
          "end": 1599352436751
        },
        "output": " Total time taken 1.4056572390036308 sec\n",
        "pwr_avg": {
          "p1": 4.580769355480488,
          "p2": 4.5961538920035725,
          "p3": 4.36153846520644,
          "p4": 3.1384615164536696,
          "p5": 3.107692296688373,
          "p6": 3.0192306958712063,
          "p7": 3.1961538516558132
        }
      },
      "3": {
        "timestamp": {
          "start": 1599352441756,
          "end": 1599352471463
        },
        "output": " Total time taken 2.244292811003106 sec\n",
        "pwr_avg": {
          "p1": 4.683333253860473,
          "p2": 5.399999904632568,
          "p3": 5.000000023841858,
          "p4": 2.9400000095367433,
          "p5": 3.1700000047683714,
          "p6": 3.1899999618530273,
          "p7": 2.9799999952316285
        }
      },
      "4": {
        "timestamp": {
          "start": 1599352476468,
          "end": 1599352511308
        },
        "output": " Total time taken 3.769019739003852 sec\n",
        "pwr_avg": {
          "p1": 4.75142856325422,
          "p2": 5.0542858055659705,
          "p3": 4.620000001362392,
          "p4": 3.120000008174351,
          "p5": 3.059999997275216,
          "p6": 3.0971428189958843,
          "p7": 2.971428578240531
        }
      }
    },
    "4": {
      "1": {
        "timestamp": {
          "start": 1599352516311,
          "end": 1599352605491
        },
        "output": " Total time taken 2.333764530994813 sec\n",
        "pwr_avg": {
          "p1": 3.430337051327309,
          "p2": 3.406741568211759,
          "p3": 3.3134831203503556,
          "p4": 3.3426966372500644,
          "p5": 3.0168539245476884,
          "p6": 3.0516853600405573,
          "p7": 3.0202246998133284
        }
      },
      "2": {
        "timestamp": {
          "start": 1599352610494,
          "end": 1599352639507
        },
        "output": " Total time taken 1.7872011970030144 sec\n",
        "pwr_avg": {
          "p1": 4.396551806351234,
          "p2": 4.520689594334569,
          "p3": 4.448275862068965,
          "p4": 4.38275851874516,
          "p5": 3.1034482676407387,
          "p6": 3.2379309802219787,
          "p7": 3.1137931182466705
        }
      },
      "3": {
        "timestamp": {
          "start": 1599352644510,
          "end": 1599352679317
        },
        "output": " Total time taken 6.502316142999916 sec\n",
        "pwr_avg": {
          "p1": 4.765714188984462,
          "p2": 5.005714205333165,
          "p3": 4.294285794666835,
          "p4": 4.842857183728899,
          "p5": 2.9142857347215925,
          "p6": 3.0857142652784075,
          "p7": 2.957142877578735
        }
      },
      "4": {
        "timestamp": {
          "start": 1599352684320,
          "end": 1599352723933
        },
        "output": " Total time taken 7.708048485998006 sec\n",
        "pwr_avg": {
          "p1": 4.8076922710125265,
          "p2": 4.969230706875141,
          "p3": 4.638461479773889,
          "p4": 4.771794857122959,
          "p5": 3.1358974469013705,
          "p6": 3.0461538021381083,
          "p7": 3.1358974285614796
        }
      }
    }
  }
}