{
  "1": {
    "2": {
      "timestamp": {
        "start": 1600209138653,
        "end": 1600209188383,
        "output": "37.010193996015005"
      },
      "pwr_avg": {
        "p1": 4.7820000743865965,
        "p2": 0,
        "p3": 0,
        "p4": 0,
        "p5": 0,
        "p6": 0,
        "p7": 0
      }
    },
    "3": {
      "timestamp": {
        "start": 1600209193394,
        "end": 1600209231517,
        "output": "25.895577645977028"
      },
      "pwr_avg": {
        "p1": 5.465789380826448,
        "p2": 0,
        "p3": 0,
        "p4": 0,
        "p5": 0,
        "p6": 0,
        "p7": 0
      }
    },
    "4": {
      "timestamp": {
        "start": 1600209236523,
        "end": 1600209275158,
        "output": "23.26419749192428"
      },
      "pwr_avg": {
        "p1": 5.523076937748836,
        "p2": 0,
        "p3": 0,
        "p4": 0,
        "p5": 0,
        "p6": 0,
        "p7": 0
      }
    }
  },
  "2": {
    "1": {
      "timestamp": {
        "start": 1600209280163,
        "end": 1600209330507,
        "output": "36.35920113197062"
      },
      "pwr_avg": {
        "p1": 3.874000039100647,
        "p2": 4.035999979972839,
        "p3": 0,
        "p4": 0,
        "p5": 0,
        "p6": 0,
        "p7": 0
      }
    },
    "2": {
      "timestamp": {
        "start": 1600209335511,
        "end": 1600209370361,
        "output": "19.19662249193061"
      },
      "pwr_avg": {
        "p1": 4.697142900739397,
        "p2": 4.842857088361468,
        "p3": 0,
        "p4": 0,
        "p5": 0,
        "p6": 0,
        "p7": 0
      }
    },
    "3": {
      "timestamp": {
        "start": 1600209375366,
        "end": 1600209406033,
        "output": "13.417386870016344"
      },
      "pwr_avg": {
        "p1": 5.196666606267294,
        "p2": 5.603333330154419,
        "p3": 0,
        "p4": 0,
        "p5": 0,
        "p6": 0,
        "p7": 0
      }
    },
    "4": {
      "timestamp": {
        "start": 1600209411038,
        "end": 1600209442793,
        "output": "11.508510985062458"
      },
      "pwr_avg": {
        "p1": 5.334375023841858,
        "p2": 5.799999937415123,
        "p3": 0,
        "p4": 0,
        "p5": 0,
        "p6": 0,
        "p7": 0
      }
    }
  },
  "3": {
    "1": {
      "timestamp": {
        "start": 1600209447799,
        "end": 1600209486048,
        "output": "23.761746500968002"
      },
      "pwr_avg": {
        "p1": 3.9710526340886165,
        "p2": 4.131578878352516,
        "p3": 4.015789464900368,
        "p4": 0,
        "p5": 0,
        "p6": 0,
        "p7": 0
      }
    },
    "2": {
      "timestamp": {
        "start": 1600209491053,
        "end": 1600209520241,
        "output": "12.342865829006769"
      },
      "pwr_avg": {
        "p1": 4.60000003973643,
        "p2": 4.793333307902018,
        "p3": 4.576666657129923,
        "p4": 0,
        "p5": 0,
        "p6": 0,
        "p7": 0
      }
    },
    "3": {
      "timestamp": {
        "start": 1600209525247,
        "end": 1600209553506,
        "output": "9.474485880928114"
      },
      "pwr_avg": {
        "p1": 5.078571421759469,
        "p2": 5.4571428554398675,
        "p3": 4.835714314665113,
        "p4": 0,
        "p5": 0,
        "p6": 0,
        "p7": 0
      }
    },
    "4": {
      "timestamp": {
        "start": 1600209558511,
        "end": 1600209592515,
        "output": "8.001259319949895"
      },
      "pwr_avg": {
        "p1": 5.2029412493986245,
        "p2": 5.461764658198637,
        "p3": 4.776470570003285,
        "p4": 0,
        "p5": 0,
        "p6": 0,
        "p7": 0
      }
    }
  },
  "4": {
    "1": {
      "timestamp": {
        "start": 1600209750283,
        "end": 1600209792872,
        "output": "18.94141473202035"
      },
      "pwr_avg": {
        "p1": 3.9209302469741467,
        "p2": 4.027906966763873,
        "p3": 3.932558165040127,
        "p4": 4.751162861668786,
        "p5": 0,
        "p6": 0,
        "p7": 0
      }
    },
    "2": {
      "timestamp": {
        "start": 1600209797892,
        "end": 1600209825905,
        "output": "10.487094735028222"
      },
      "pwr_avg": {
        "p1": 4.6535714864730835,
        "p2": 4.7357141971588135,
        "p3": 4.464285731315613,
        "p4": 4.917857136045184,
        "p5": 0,
        "p6": 0,
        "p7": 0
      }
    },
    "3": {
      "timestamp": {
        "start": 1600209830913,
        "end": 1600209863150,
        "output": "8.16702744399663"
      },
      "pwr_avg": {
        "p1": 5.237499997019768,
        "p2": 5.550000049173832,
        "p3": 4.874999895691872,
        "p4": 4.934375032782555,
        "p5": 0,
        "p6": 0,
        "p7": 0
      }
    },
    "4": {
      "timestamp": {
        "start": 1600209868156,
        "end": 1600209909002,
        "output": "8.646411819034256"
      },
      "pwr_avg": {
        "p1": 5.451219512195122,
        "p2": 5.599999974413616,
        "p3": 4.60731713364764,
        "p4": 4.953658545889506,
        "p5": 0,
        "p6": 0,
        "p7": 0
      }
    }
  },
  "5": {
    "1": {
      "timestamp": {
        "start": 1600209914009,
        "end": 1600209953743,
        "output": "15.085621817037463"
      },
      "pwr_avg": {
        "p1": 4.037500023841858,
        "p2": 4.002500027418137,
        "p3": 3.905000019073486,
        "p4": 4.20749996304512,
        "p5": 3.609999990463257,
        "p6": 0,
        "p7": 0
      }
    },
    "2": {
      "timestamp": {
        "start": 1600209958752,
        "end": 1600209985757,
        "output": "7.24036822700873"
      },
      "pwr_avg": {
        "p1": 4.829629668483028,
        "p2": 4.640740747804995,
        "p3": 4.137036941669606,
        "p4": 4.599999922293204,
        "p5": 4.759259241598624,
        "p6": 0,
        "p7": 0
      }
    },
    "3": {
      "timestamp": {
        "start": 1600209990763,
        "end": 1600210022539,
        "output": "5.188141924911179"
      },
      "pwr_avg": {
        "p1": 4.893548404016802,
        "p2": 5.0612903333479355,
        "p3": 4.403225852597144,
        "p4": 4.6967741827810965,
        "p5": 5.183870900061823,
        "p6": 0,
        "p7": 0
      }
    },
    "4": {
      "timestamp": {
        "start": 1600210027545,
        "end": 1600210067939,
        "output": "4.442380363005213"
      },
      "pwr_avg": {
        "p1": 5.007317054562453,
        "p2": 5.1585366144412905,
        "p3": 4.753658504020877,
        "p4": 4.86097567255904,
        "p5": 4.9634145876256435,
        "p6": 0,
        "p7": 0
      }
    }
  },
  "6": {
    "1": {
      "timestamp": {
        "start": 1600210072942,
        "end": 1600210114153,
        "output": "13.028240725048818"
      },
      "pwr_avg": {
        "p1": 4.034146349604537,
        "p2": 4.146341457599547,
        "p3": 3.729268300824049,
        "p4": 4.075609649099955,
        "p5": 4.004878084834029,
        "p6": 4.507317147603849,
        "p7": 0
      }
    },
    "2": {
      "timestamp": {
        "start": 1600210119164,
        "end": 1600210148135,
        "output": "6.8745224450249225"
      },
      "pwr_avg": {
        "p1": 4.737930996664639,
        "p2": 4.755172408860306,
        "p3": 4.017241272433051,
        "p4": 4.499999893122706,
        "p5": 4.596551697829674,
        "p6": 5.096551681387013,
        "p7": 0
      }
    },
    "3": {
      "timestamp": {
        "start": 1600210153141,
        "end": 1600210191266,
        "output": "5.2093646849971265"
      },
      "pwr_avg": {
        "p1": 4.836842085185804,
        "p2": 5.176315828373558,
        "p3": 4.2684210852572795,
        "p4": 4.686842196866086,
        "p5": 4.710526265596089,
        "p6": 5.068421163057026,
        "p7": 0
      }
    },
    "4": {
      "timestamp": {
        "start": 1600210196271,
        "end": 1600210239476,
        "output": "5.490678747999482"
      },
      "pwr_avg": {
        "p1": 5.1139534795007044,
        "p2": 5.137209315632665,