{
  "1": {
    "2": {
      "timestamp": {
        "start": 1599389106931,
        "end": 1599389162829,
        "time": "55.898\n"
      },
      "pwr_avg": {
        "p1": 3.6178571794714247,
        "p2": 0,
        "p3": 0,
        "p4": 0,
        "p5": 0,
        "p6": 0,
        "p7": 0
      }
    },
    "3": {
      "timestamp": {
        "start": 1599389167840,
        "end": 1599389227222,
        "time": "46.360866\n"
      },
      "pwr_avg": {
        "p1": 4.266101687641467,
        "p2": 0,
        "p3": 0,
        "p4": 0,
        "p5": 0,
        "p6": 0,
        "p7": 0
      }
    },
    "4": {
      "timestamp": {
        "start": 1599389232226,
        "end": 1599389295030,
        "time": "48.330957\n"
      },
      "pwr_avg": {
        "p1": 4.285714266792176,
        "p2": 0,
        "p3": 0,
        "p4": 0,
        "p5": 0,
        "p6": 0,
        "p7": 0
      }
    },
    "5": {
      "timestamp": {
        "start": 1599389300033,
        "end": 1599389365332,
        "time": "45.549161\n"
      },
      "pwr_avg": {
        "p1": 4.193846163382897
      }
    },
    "6": {
      "timestamp": {
        "start": 1599389370333,
        "end": 1599389446652,
        "time": "53.944025\n"
      },
      "pwr_avg": {
        "p1": 4.370129876322561
      }
    },
    "7": {
      "timestamp": {
        "start": 1599389451656,
        "end": 1599389535944,
        "time": "54.216942\n"
      },
      "pwr_avg": {
        "p1": 3.9892856790905906
      }
    },
    "8": {
      "timestamp": {
        "start": 1599389540948,
        "end": 1599389618829,
        "time": "45.090199\n"
      },
      "pwr_avg": {
        "p1": 4.361538456036494
      }
    }
  },
  "2": {
    "1": {
      "timestamp": {
        "start": 1599389623833,
        "end": 1599389673150,
        "time": "38.85489\n"
      },
      "pwr_avg": {
        "p1": 3.4653061360728983,
        "p2": 3.87551018169948,
        "p3": 0,
        "p4": 0,
        "p5": 0,
        "p6": 0,
        "p7": 0
      }
    },
    "2": {
      "timestamp": {
        "start": 1599389678153,
        "end": 1599389717885,
        "time": "27.615799\n"
      },
      "pwr_avg": {
        "p1": 3.9449999809265135,
        "p2": 3.907499986886978,
        "p3": 0,
        "p4": 0,
        "p5": 0,
        "p6": 0,
        "p7": 0
      }
    },
    "3": {
      "timestamp": {
        "start": 1599389722888,
        "end": 1599389771013,
        "time": "33.69709\n"
      },
      "pwr_avg": {
        "p1": 4.025000065565109,
        "p2": 4.53125,
        "p3": 0,
        "p4": 0,
        "p5": 0,
        "p6": 0,
        "p7": 0
      }
    },
    "4": {
      "timestamp": {
        "start": 1599389776017,
        "end": 1599389821920,
        "time": "30.92786\n"
      },
      "pwr_avg": {
        "p1": 4.463043446126192,
        "p2": 4.8239130092703775,
        "p3": 0,
        "p4": 0,
        "p5": 0,
        "p6": 0,
        "p7": 0
      }
    },
    "5": {
      "timestamp": {
        "start": 1599389826924,
        "end": 1599389877173,
        "time": "30.059992\n"
      },
      "pwr_avg": {
        "p1": 4.3399999237060545,
        "p2": 5.158000020980835
      }
    },
    "6": {
      "timestamp": {
        "start": 1599389882177,
        "end": 1599389939091,
        "time": "31.538532\n"
      },
      "pwr_avg": {
        "p1": 4.42631579281991,
        "p2": 5.171929819542065
      }
    },
    "7": {
      "timestamp": {
        "start": 1599389944095,
        "end": 1599390005476,
        "time": "35.729855\n"
      },
      "pwr_avg": {
        "p1": 4.291803297449331,
        "p2": 4.729508173270304
      }
    },
    "8": {
      "timestamp": {
        "start": 1599390010481,
        "end": 1599390078821,
        "time": "34.055198\n"
      },
      "pwr_avg": {
        "p1": 4.386956556983616,
        "p2": 4.710144910259523
      }
    }
  },
  "3": {
    "1": {
      "timestamp": {
        "start": 1599390083823,
        "end": 1599390121110,
        "time": "26.509551\n"
      },
      "pwr_avg": {
        "p1": 3.4918918996243864,
        "p2": 3.7594594504382157,
        "p3": 3.6324324285661853,
        "p4": 0,
        "p5": 0,
        "p6": 0,
        "p7": 0
      }
    },
    "2": {
      "timestamp": {
        "start": 1599390126114,
        "end": 1599390158534,
        "time": "20.766968\n"
      },
      "pwr_avg": {
        "p1": 3.937500037252903,
        "p2": 4.003124907612801,
        "p3": 3.8656249791383743,
        "p4": 0,
        "p5": 0,
        "p6": 0,
        "p7": 0
      }
    },
    "3": {
      "timestamp": {
        "start": 1599390163538,
        "end": 1599390206570,
        "time": "28.077332\n"
      },
      "pwr_avg": {
        "p1": 4.146511654521143,
        "p2": 4.109302354413409,
        "p3": 4.006976704264796,
        "p4": 0,
        "p5": 0,
        "p6": 0,
        "p7": 0
      }
    },
    "4": {
      "timestamp": {
        "start": 1599390211574,
        "end": 1599390250211,
        "time": "22.362535\n"
      },
      "pwr_avg": {
        "p1": 4.415384549361009,
        "p2": 4.953846142842219,
        "p3": 4.230769230769231,
        "p4": 0,
        "p5": 0,
        "p6": 0,
        "p7": 0
      }
    },
    "5": {
      "timestamp": {
        "start": 1599390255218,
        "end": 1599390306420,
        "time": "28.748381\n"
      },
      "pwr_avg": {
        "p1": 4.4647058505637975,
        "p2": 4.641176490222707,
        "p3": 4.147058851578656
      }
    },
    "6": {
      "timestamp": {
        "start": 1599390311425,
        "end": 1599390368748,
        "time": "30.639824\n"
      },
      "pwr_avg": {
        "p1": 4.305263121922811,
        "p2": 4.617543831206205,
        "p3": 4.356140358406201
      }
    },
    "7": {
      "timestamp": {
        "start": 1599390373753,
        "end": 1599390434517,
        "time": "29.416055\n"
      },
      "pwr_avg": {
        "p1": 4.48524585708243,
        "p2": 4.622950804038126,
        "p3": 4.483606514383535
      }
    },
    "8": {
      "timestamp": {
        "start": 1599390439522,
        "end": 1599390503617,
        "time": "28.907215\n"
      },
      "pwr_avg": {
        "p1": 4.443749997764826,
        "p2": 4.773437540978193,
        "p3": 4.101562522351742
      }
    }
  },
  "4": {
    "1": {
      "timestamp": {
        "start": 1600162049138,
        "end": 1600162083673,
        "output": "25.149093\n"
      },
      "pwr_avg": {
        "p1": 3.794117668095757,
        "p2": 3.932352907517377,
        "p3": 3.3647058851578655,
        "p4": 3.8500000098172356,
        "p5": 0,
        "p6": 0,
        "p7": 0
      }
    },
    "2": {
      "timestamp": {
        "start": 1600162088687,
        "end": 1600162122427,
        "output": "22.728092\n"
      },
      "pwr_avg": {
        "p1": 4.064705918816959,
        "p2": 4.226470540551579,
        "p3": 3.6235294271917904,
        "p4": 4.188235282897949,
        "p5": 0,
        "p6": 0,
        "p7": 0
      }
    },
    "3": {
      "timestamp": {
        "start": 1600162127435,
        "end": 1600162167916,
        "output": "27.599034\n"
      },
      "pwr_avg": {
        "p1": 4.030000036954879,
        "p2": 4.360000026226044,
        "p3": 3.6649999976158143,
        "p4": 4.267500030994415,
        "p5": 0,
        "p6": 0,
        "p7": 0
      }
    },
    "4": {
      "timestamp": {
        "start": 1600162172922,
        "end": 1600162217349,
        "output": "28.450375\n"
      },
      "pwr_avg": {
        "p1": 4.439999945958456,
        "p2": 4.693333387374878,
        "p3": 4.046666685740153,
        "p4": 4.26666669845581,
        "p5": 0,
        "p6": 0,
        "p7": 0
      }
    }
  },
  "5": {
    "1": {
      "timestamp": {
        "start": 1600162222353,
        "end": 1600162255815,
        "output": "23.444309\n"
      },
      "pwr_avg": {
        "p1": 3.4515151760794898,
        "p2": 3.6666666522170557,