{
  "1": {
    "2": {
      "timestamp": {
        "start": 1605241022440,
        "end": 1605241416092,
        "output": "390.5400884151459\n"
      }
    },
    "3": {
      "timestamp": {
        "start": 1605241421105,
        "end": 1605241675667,
        "output": "250.13177394866943\n"
      }
    },
    "4": {
      "timestamp": {
        "start": 1605241680671,
        "end": 1605241873846,
        "output": "188.40327429771423\n"
      }
    }
  },
  "2": {
    "1": {
      "timestamp": {
        "start": 1605241878851,
        "end": 1605242135868,
        "output": "252.64888215065002\n"
      }
    },
    "2": {
      "timestamp": {
        "start": 1605242140872,
        "end": 1605242274820,
        "output": "129.7914741039276\n"
      }
    },
    "3": {
      "timestamp": {
        "start": 1605242279824,
        "end": 1605242382421,
        "output": "97.51460266113281\n"
      }
    },
    "4": {
      "timestamp": {
        "start": 1605242387426,
        "end": 1605242475787,
        "output": "83.07718896865845\n"
      }
    }
  }
}